CREATE DATABASE TestLibrary;
USE TestLibrary;

CREATE TABLE PUBLISHER(
    NAME VARCHAR(20) PRIMARY KEY,
    PHONE VARCHAR(10),
    ADDRESS VARCHAR(10)
);

CREATE TABLE BOOK(
    B_ID NUMERIC PRIMARY KEY,
    TITLE VARCHAR(20),
    PUB_YEAR NUMERIC,
    PUB_NAME VARCHAR(20) REFERENCES PUBLISHER(NAME) ON DELETE CASCADE
);

CREATE TABLE BOOK_AUTHORS(
    AUTHOR_NAME VARCHAR(20),
    B_ID NUMERIC REFERENCES BOOK(B_ID) ON DELETE CASCADE,
    PRIMARY KEY(B_ID)
);

CREATE TABLE LIBRARY_BRANCH(
    BRANCH_ID NUMERIC PRIMARY KEY,
    BRANCH_NAME VARCHAR(18),
    ADDRESS VARCHAR(15)
);

CREATE TABLE BOOK_COPIES(
    NO_OF_COPIES INT,
    B_ID NUMERIC REFERENCES BOOK(B_ID) ON DELETE CASCADE,
    BRANCH_ID NUMERIC REFERENCES LIBRARY_BRANCH(BRANCH_ID) ON DELETE CASCADE,
    PRIMARY KEY(B_ID,BRANCH_ID)
);

CREATE TABLE BOOKLENDING(
    DATE_OUT date,
    DUE_DATE date,
    B_ID NUMERIC REFERENCES BOOK(B_ID) ON DELETE CASCADE,
    BRANCH_ID NUMERIC REFERENCES LIBRARY_BRANCH(BRANCH_ID) ON DELETE CASCADE,
    PRIMARY KEY(B_ID,BRANCH_ID,CARD_NO),
    CARD_NO NUMERIC
);

INSERT INTO PUBLISHER
    (NAME, PHONE, ADDRESS)
VALUES
    ('MCGRAW-HILL',9191919191,'BANGALORE'),
    ('PEARSON',8181818181,'NEWDELHI'),
    ('RANDOM HOUSE',7171717171,'HYDERABAD'),
    ('LIVRE',6161616161,'CHENNAI'),
    ('PLANETA',5151515151,'BANGALORE');
SELECT * FROM PUBLISHER;

INSERT INTO BOOK
    (B_ID, TITLE, PUB_YEAR, PUB_NAME)
VALUES
    (1,'DBMS',2017,'MCGRAW-HILL'),
    (2,'ADBMS',2016,'MCGRAW-HILL'),
    (3,'CN',2016,'PEARSON'),
    (4,'CG',2015,'PLANETA'),
    (5,'OS',2016,'PEARSON');
SELECT * FROM BOOK;

INSERT INTO BOOK_AUTHORS
    (AUTHOR_NAME, B_ID)
VALUES
    ('NAVATHE',1),
    ('NAVATHE',2),
    ('TANENBAUM',3),
    ('EDWARD ANGEL',4),
    ('GALVIN',5);
SELECT * FROM BOOK_AUTHORS;

INSERT INTO LIBRARY_BRANCH
    (BRANCH_ID, BRANCH_NAME, ADDRESS)
VALUES
    (10,'RR NAGAR','BANGALORE'),
    (11,'RNSIT','BANGALORE'),
    (12,'RAJAJI NAGAR','BANGALORE'),
    (13,'NITTE','MANGALORE'),
    (14,'MANIPAL','UDUPI');
SELECT * FROM LIBRARY_BRANCH;

INSERT INTO BOOK_COPIES
    (NO_OF_COPIES, B_ID, BRANCH_ID)
VALUES
    (10,1,10),
    (5,1,11),
    (2,2,12),
    (5,2,13),
    (7,3,14),
    (1,5,10),
    (3,4,11);
SELECT * FROM BOOK_COPIES;

INSERT INTO BOOKLENDING
    (DATE_OUT, DUE_DATE, B_ID, BRANCH_ID, CARD_NO)
VALUES
    ('2017-01-01','2017-06-01',1,10,101),
    ('2017-01-11','2017-03-11',3,14,101),
    ('2017-02-21','2017-04-21',2,13,101),
    ('2017-03-15','2017-07-15',4,11,101),
    ('2017-04-12','2017-05-12',1,11,104);
SELECT * FROM BOOKLENDING;

# Retrieve details of all books in the library – id,
# title, name of publisher, authors, number of copies in each branch,etc.
SELECT B.B_ID, B.TITLE, B.PUB_NAME, A.AUTHOR_NAME, C.NO_OF_COPIES, L.BRANCH_NAME
FROM BOOK B, BOOK_AUTHORS A, BOOK_COPIES C, LIBRARY_BRANCH L
WHERE B.B_ID = A.B_ID
AND B.B_ID = C.B_ID
AND C.BRANCH_ID = L.BRANCH_ID;

# Get the particulars of borrowers who have borrowed more than 3 books, but from Jan2017 to Jun2017.
SELECT CARD_NO
FROM BOOKLENDING
WHERE DATE_OUT BETWEEN '2017-01-01' AND '2017-06-01'
GROUP BY CARD_NO
HAVING COUNT(*)>3;

# Delete a book in BOOK table. Update the contents of other tables to reflect this data Manipulation operation.
DELETE FROM BOOK
WHERE B_ID = 3;
SELECT * FROM BOOK;

# Partition the BOOK table based on year of publication. Demonstrate its working with a simple query.
CREATE VIEW PUBLICATIONS AS
SELECT PUB_YEAR FROM BOOK;
SELECT * FROM PUBLICATIONS;

# Create a view of all books and its number of copies that are currently available in the Library.
DROP VIEW IF EXISTS V_BOOKS;
CREATE VIEW V_BOOKS AS
SELECT B.B_ID, B.TITLE, C.NO_OF_COPIES
FROM BOOK B, BOOK_COPIES C
WHERE B.B_ID = C.B_ID;
SELECT * FROM V_BOOKS;
